timestamp(dd-mm-yyyy hh:mm:ss:ms),responseIP,latency(ms),traceroute_ips,traceroute_hnames,hop count,Content-Type,Content-Length,Connection,Date,Last-Modified,ETag,x-amz-storage-class,x-amz-server-side-encryption,x-amz-meta-dv-checksum-sha-1,x-amz-meta-dv-checksum-md5,x-amz-meta-dv-checksum-sha-256,Accept-Ranges,Server,X-Server-IP,X-Server-IP_hops,X-Server-IP_hnames,X-Server-IP_hopcount,X-Cache,Via,X-Amz-Cf-Pop,X-Amz-Cf-Id,Age,url,info,reasponseHeaders
24-06-2023_13:26:43:326952,54.182.218.101,14.620605041272938,"['*', '*', '10.80.128.241', '*', '213.55.155.5', '10.80.128.109', '149.6.54.73', '154.54.57.46', '154.54.57.130', '130.117.0.62', '154.54.36.253', '149.14.159.162', '*', '*', '*', '*', '*', '*', '*', '54.182.218.101']","['*', '*', '10.80.128.241', '*', '213.55.155.5', '10.80.128.109', '149.6.54.73', '154.54.57.46', '154.54.57.130', '130.117.0.62', '154.54.36.253', '149.14.159.162', '*', '*', '*', '*', '*', '*', '*', '54.182.218.101']",20,video/mp4,686862460,keep-alive,"Fri, 23 Jun 2023 21:56:53 GMT","Mon, 23 Sep 2019 18:21:33 GMT","""a4ae93ce81c9a29704a1251810719524-132""",INTELLIGENT_TIERING, ,04618ed1284a91b2a97e00807907678853ced215,6718841b878ae68e696caa94e4ab8b00,c2b40cb4db7f022300a5b1a09d29de196f3c4db542aa29b8aa03e0b49cdc8655,bytes,AmazonS3,54.182.180.42,"['*', '10.118.96.1', '10.80.128.241', '*', '213.55.155.5', '10.80.128.109', '149.6.54.73', '154.54.57.46', '154.54.57.126', '130.117.0.18', '154.54.36.53', '149.14.156.194', '*', '*', '*', '*', '*', '*', '*', '54.182.180.42']","['*', '10.118.96.1', '10.80.128.241', '*', '213.55.155.5', '10.80.128.109', '149.6.54.73', '154.54.57.46', '154.54.57.126', '130.117.0.18', '154.54.36.53', '149.14.156.194', '*', '*', '*', '*', '*', '*', '*', '54.182.180.42']",20,Hit from cloudfront,1.1 098976f4957e4d6bfe05419454936916.cloudfront.net (CloudFront),FRA51-M1,oM1UZlCnDcQM0kvB-HwElojSAaOvW4r0yqOrpsmNUd6a6rDyaFbBPw==,48591,https://s3-dub-2.cf.dash.row.aiv-cdn.net/dm/2$p1yx-wgXfP7uCY5TGack6KUVCck~/1eb1/cffd/ef5a/4c95-9e99-c93e0d3625f4/f4731b10-1147-4034-a5a1-d7ea0f49b2bf_video_11.mp4?amznDtid=AOAGZA014O5RE,media provided by PrimeVideo,"{'Content-Type': 'video/mp4', 'Content-Length': '686862460', 'Connection': 'keep-alive', 'Date': 'Fri, 23 Jun 2023 21:56:53 GMT', 'Last-Modified': 'Mon, 23 Sep 2019 18:21:33 GMT', 'ETag': '""a4ae93ce81c9a29704a1251810719524-132""', 'x-amz-storage-class': 'INTELLIGENT_TIERING', 'x-amz-meta-dv-checksum-sha-1': '04618ed1284a91b2a97e00807907678853ced215', 'x-amz-meta-dv-checksum-md5': '6718841b878ae68e696caa94e4ab8b00', 'x-amz-meta-dv-checksum-sha-256': 'c2b40cb4db7f022300a5b1a09d29de196f3c4db542aa29b8aa03e0b49cdc8655', 'Accept-Ranges': 'bytes', 'Server': 'AmazonS3', 'X-Cache': 'Hit from cloudfront', 'Via': '1.1 098976f4957e4d6bfe05419454936916.cloudfront.net (CloudFront)', 'X-Server-IP': '54.182.180.42', 'X-Amz-Cf-Pop': 'FRA51-M1', 'X-Amz-Cf-Id': 'oM1UZlCnDcQM0kvB-HwElojSAaOvW4r0yqOrpsmNUd6a6rDyaFbBPw==', 'Age': '48591'}"
24-06-2023_13:28:01:111854,54.182.220.122,14.47751501109451,"['*', '*', '10.80.128.241', '*', '213.55.155.5', '10.80.128.109', '149.6.54.73', '154.54.57.46', '154.54.57.130', '130.117.0.62', '154.54.36.253', '149.14.159.194', '*', '*', '*', '*', '*', '*', '*', '54.182.220.122']","['*', '*', '10.80.128.241', '*', '213.55.155.5', '10.80.128.109', '149.6.54.73', '154.54.57.46', '154.54.57.130', '130.117.0.62', '154.54.36.253', '149.14.159.194', '*', '*', '*', '*', '*', '*', '*', '54.182.220.122']",20,video/mp4,686862460,keep-alive,"Fri, 23 Jun 2023 21:56:53 GMT","Mon, 23 Sep 2019 18:21:33 GMT","""a4ae93ce81c9a29704a1251810719524-132""",INTELLIGENT_TIERING, ,04618ed1284a91b2a97e00807907678853ced215,6718841b878ae68e696caa94e4ab8b00,c2b40cb4db7f022300a5b1a09d29de196f3c4db542aa29b8aa03e0b49cdc8655,bytes,AmazonS3,54.182.184.8,"['*', '10.118.96.1', '10.80.128.241', '*', '213.55.155.5', '10.80.128.109', '149.6.54.73', '154.54.57.46', '154.54.57.126', '130.117.0.18', '154.54.36.53', '149.14.156.194', '*', '*', '*', '*', '*', '*', '*', '54.182.184.8']","['*', '10.118.96.1', '10.80.128.241', '*', '213.55.155.5', '10.80.128.109', '149.6.54.73', '154.54.57.46', '154.54.57.126', '130.117.0.18', '154.54.36.53', '149.14.156.194', '*', '*', '*', '*', '*', '*', '*', '54.182.184.8']",20,Hit from cloudfront,1.1 5d9a913d76f67068b8bc3c45b9d1fd20.cloudfront.net (CloudFront),FRA54-M3,8CcuvFfcpOrDrEuKgs3hUGMqn6Cqf6F0tb0Na8EV7m_6UxeoQTv_mg==,48669,https://s3-dub-2.cf.dash.row.aiv-cdn.net/dm/2$p1yx-wgXfP7uCY5TGack6KUVCck~/1eb1/cffd/ef5a/4c95-9e99-c93e0d3625f4/f4731b10-1147-4034-a5a1-d7ea0f49b2bf_video_11.mp4?amznDtid=AOAGZA014O5RE,media provided by PrimeVideo,"{'Content-Type': 'video/mp4', 'Content-Length': '686862460', 'Connection': 'keep-alive', 'Date': 'Fri, 23 Jun 2023 21:56:53 GMT', 'Last-Modified': 'Mon, 23 Sep 2019 18:21:33 GMT', 'ETag': '""a4ae93ce81c9a29704a1251810719524-132""', 'x-amz-storage-class': 'INTELLIGENT_TIERING', 'x-amz-meta-dv-checksum-sha-1': '04618ed1284a91b2a97e00807907678853ced215', 'x-amz-meta-dv-checksum-md5': '6718841b878ae68e696caa94e4ab8b00', 'x-amz-meta-dv-checksum-sha-256': 'c2b40cb4db7f022300a5b1a09d29de196f3c4db542aa29b8aa03e0b49cdc8655', 'Accept-Ranges': 'bytes', 'Server': 'AmazonS3', 'X-Cache': 'Hit from cloudfront', 'Via': '1.1 5d9a913d76f67068b8bc3c45b9d1fd20.cloudfront.net (CloudFront)', 'X-Server-IP': '54.182.184.8', 'X-Amz-Cf-Pop': 'FRA54-M3', 'X-Amz-Cf-Id': '8CcuvFfcpOrDrEuKgs3hUGMqn6Cqf6F0tb0Na8EV7m_6UxeoQTv_mg==', 'Age': '48669'}"
24-06-2023_13:29:19:899253,54.182.219.121,14.9084129370749,"['*', '*', '10.80.128.241', '*', '213.55.155.5', '10.80.128.109', '149.6.54.73', '154.54.57.46', '154.54.57.130', '130.117.0.62', '154.54.36.253', '149.14.159.194', '*', '*', '*', '*', '*', '*', '*', '54.182.219.121']","['*', '*', '10.80.128.241', '*', '213.55.155.5', '10.80.128.109', '149.6.54.73', '154.54.57.46', '154.54.57.130', '130.117.0.62', '154.54.36.253', '149.14.159.194', '*', '*', '*', '*', '*', '*', '*', '54.182.219.121']",20,video/mp4,686862460,keep-alive,"Fri, 23 Jun 2023 21:56:53 GMT","Mon, 23 Sep 2019 18:21:33 GMT","""a4ae93ce81c9a29704a1251810719524-132""",INTELLIGENT_TIERING, ,04618ed1284a91b2a97e00807907678853ced215,6718841b878ae68e696caa94e4ab8b00,c2b40cb4db7f022300a5b1a09d29de196f3c4db542aa29b8aa03e0b49cdc8655,bytes,AmazonS3,54.182.182.48,"['*', '10.118.96.1', '10.80.128.241', '*', '213.55.155.5', '10.80.128.109', '149.6.54.73', '154.54.57.46', '154.54.57.130', '130.117.0.62', '154.54.36.253', '149.14.159.162', '*', '*', '*', '*', '*', '*', '*', '54.182.182.48']","['*', '10.118.96.1', '10.80.128.241', '*', '213.55.155.5', '10.80.128.109', '149.6.54.73', '154.54.57.46', '154.54.57.130', '130.117.0.62', '154.54.36.253', '149.14.159.162', '*', '*', '*', '*', '*', '*', '*', '54.182.182.48']",20,Hit from cloudfront,1.1 9c3c98d9100ae33db5f9cf383acdd5a6.cloudfront.net (CloudFront),FRA52-M2,S8IpsvXmVDqv5G-EZ3gDwSOc4KBOBNm7ALp05Mu5qT64EcnbEMftNQ==,48747,https://s3-dub-2.cf.dash.row.aiv-cdn.net/dm/2$p1yx-wgXfP7uCY5TGack6KUVCck~/1eb1/cffd/ef5a/4c95-9e99-c93e0d3625f4/f4731b10-1147-4034-a5a1-d7ea0f49b2bf_video_11.mp4?amznDtid=AOAGZA014O5RE,media provided by PrimeVideo,"{'Content-Type': 'video/mp4', 'Content-Length': '686862460', 'Connection': 'keep-alive', 'Date': 'Fri, 23 Jun 2023 21:56:53 GMT', 'Last-Modified': 'Mon, 23 Sep 2019 18:21:33 GMT', 'ETag': '""a4ae93ce81c9a29704a1251810719524-132""', 'x-amz-storage-class': 'INTELLIGENT_TIERING', 'x-amz-meta-dv-checksum-sha-1': '04618ed1284a91b2a97e00807907678853ced215', 'x-amz-meta-dv-checksum-md5': '6718841b878ae68e696caa94e4ab8b00', 'x-amz-meta-dv-checksum-sha-256': 'c2b40cb4db7f022300a5b1a09d29de196f3c4db542aa29b8aa03e0b49cdc8655', 'Accept-Ranges': 'bytes', 'Server': 'AmazonS3', 'X-Cache': 'Hit from cloudfront', 'Via': '1.1 9c3c98d9100ae33db5f9cf383acdd5a6.cloudfront.net (CloudFront)', 'X-Server-IP': '54.182.182.48', 'X-Amz-Cf-Pop': 'FRA52-M2', 'X-Amz-Cf-Id': 'S8IpsvXmVDqv5G-EZ3gDwSOc4KBOBNm7ALp05Mu5qT64EcnbEMftNQ==', 'Age': '48747'}"
24-06-2023_13:31:06:882535,54.240.131.114,160.3817050345242,"['*', '*', '10.80.128.241', '*', '213.55.155.5', '10.80.128.109', '149.6.54.73', '154.54.57.33', '154.54.60.165', '154.54.89.225', '154.54.24.222', '154.54.28.130', '154.54.2.6', '154.54.26.53', '154.54.45.162', '154.54.40.146', '154.54.5.102', '38.142.246.130', '15.230.28.25', '15.230.28.129', '*', '*', '*', '*', '*', '54.240.131.114']","['*', '*', '10.80.128.241', '*', '213.55.155.5', '10.80.128.109', '149.6.54.73', '154.54.57.33', '154.54.60.165', '154.54.89.225', '154.54.24.222', '154.54.28.130', '154.54.2.6', '154.54.26.53', '154.54.45.162', '154.54.40.146', '154.54.5.102', '38.142.246.130', '15.230.28.25', '15.230.28.129', '*', '*', '*', '*', '*', '54.240.131.114']",26,video/mp4,686862460,keep-alive,"Wed, 21 Jun 2023 17:04:14 GMT","Mon, 23 Sep 2019 18:21:33 GMT","""a4ae93ce81c9a29704a1251810719524-132""",INTELLIGENT_TIERING, ,04618ed1284a91b2a97e00807907678853ced215,6718841b878ae68e696caa94e4ab8b00,c2b40cb4db7f022300a5b1a09d29de196f3c4db542aa29b8aa03e0b49cdc8655,bytes,AmazonS3,54.239.215.47,"['192.168.1.1', '10.118.96.1', '10.80.128.241', '10.96.127.161', '213.55.155.5', '10.80.128.109', '149.6.54.73', '154.54.57.33', '154.54.36.165', '154.54.89.221', '154.54.7.158', '154.54.28.70', '154.54.0.54', '154.54.5.217', '154.54.44.86', '154.54.31.190', '154.54.1.194', '38.142.246.122', '15.230.28.23', '15.230.28.175', '*', '*', '*', '*', '*', '54.239.215.47']","['192.168.1.1', '10.118.96.1', '10.80.128.241', '10.96.127.161', '213.55.155.5', '10.80.128.109', '149.6.54.73', '154.54.57.33', '154.54.36.165', '154.54.89.221', '154.54.7.158', '154.54.28.70', '154.54.0.54', '154.54.5.217', '154.54.44.86', '154.54.31.190', '154.54.1.194', '38.142.246.122', '15.230.28.23', '15.230.28.175', '*', '*', '*', '*', '*', '54.239.215.47']",26,Hit from cloudfront,1.1 a97789db563d73c0797bcdcfed79f9d8.cloudfront.net (CloudFront),SFO50-M3,5sEVAm6o0_Knp5NJ_jSKA9EwI1p1Jj_FigtRulvgOWd7VchVzYvGiQ==,239214,https://s3-dub-2.cf.dash.row.aiv-cdn.net/dm/2$p1yx-wgXfP7uCY5TGack6KUVCck~/1eb1/cffd/ef5a/4c95-9e99-c93e0d3625f4/f4731b10-1147-4034-a5a1-d7ea0f49b2bf_video_11.mp4?amznDtid=AOAGZA014O5RE,media provided by PrimeVideo,"{'Content-Type': 'video/mp4', 'Content-Length': '686862460', 'Connection': 'keep-alive', 'Date': 'Wed, 21 Jun 2023 17:04:14 GMT', 'Last-Modified': 'Mon, 23 Sep 2019 18:21:33 GMT', 'ETag': '""a4ae93ce81c9a29704a1251810719524-132""', 'x-amz-storage-class': 'INTELLIGENT_TIERING', 'x-amz-meta-dv-checksum-sha-1': '04618ed1284a91b2a97e00807907678853ced215', 'x-amz-meta-dv-checksum-md5': '6718841b878ae68e696caa94e4ab8b00', 'x-amz-meta-dv-checksum-sha-256': 'c2b40cb4db7f022300a5b1a09d29de196f3c4db542aa29b8aa03e0b49cdc8655', 'Accept-Ranges': 'bytes', 'Server': 'AmazonS3', 'X-Cache': 'Hit from cloudfront', 'Via': '1.1 a97789db563d73c0797bcdcfed79f9d8.cloudfront.net (CloudFront)', 'X-Server-IP': '54.239.215.47', 'X-Amz-Cf-Pop': 'SFO50-M3', 'X-Amz-Cf-Id': '5sEVAm6o0_Knp5NJ_jSKA9EwI1p1Jj_FigtRulvgOWd7VchVzYvGiQ==', 'Age': '239214'}"
24-06-2023_13:33:15:382265,54.240.129.122,163.7624950380996,"['*', '*', '10.80.128.241', '*', '213.55.155.5', '10.80.128.109', '149.6.54.73', '154.54.57.33', '154.54.60.165', '154.54.89.225', '154.54.24.222', '154.54.28.130', '154.54.2.6', '154.54.26.53', '154.54.45.162', '154.54.40.146', '154.54.5.102', '38.142.246.122', '15.230.28.21', '15.230.28.141', '*', '*', '*', '*', '*', '54.240.129.122']","['*', '*', '10.80.128.241', '*', '213.55.155.5', '10.80.128.109', '149.6.54.73', '154.54.57.33', '154.54.60.165', '154.54.89.225', '154.54.24.222', '154.54.28.130', '154.54.2.6', '154.54.26.53', '154.54.45.162', '154.54.40.146', '154.54.5.102', '38.142.246.122', '15.230.28.21', '15.230.28.141', '*', '*', '*', '*', '*', '54.240.129.122']",26,video/mp4,686862460,keep-alive,"Wed, 21 Jun 2023 17:04:14 GMT","Mon, 23 Sep 2019 18:21:33 GMT","""a4ae93ce81c9a29704a1251810719524-132""",INTELLIGENT_TIERING, ,04618ed1284a91b2a97e00807907678853ced215,6718841b878ae68e696caa94e4ab8b00,c2b40cb4db7f022300a5b1a09d29de196f3c4db542aa29b8aa03e0b49cdc8655,bytes,AmazonS3,54.239.210.231,"['192.168.1.1', '10.118.96.1', '10.80.128.241', '10.96.127.161', '213.55.155.5', '10.80.128.109', '149.6.54.73', '154.54.57.33', '154.54.60.165', '154.54.89.225', '154.54.24.222', '154.54.28.130', '154.54.2.6', '154.54.26.53', '154.54.45.162', '154.54.40.146', '154.54.5.102', '38.88.224.186', '52.93.47.143', '54.240.242.183', '*', '*', '*', '*', '*', '54.239.210.231']","['192.168.1.1', '10.118.96.1', '10.80.128.241', '10.96.127.161', '213.55.155.5', '10.80.128.109', '149.6.54.73', '154.54.57.33', '154.54.60.165', '154.54.89.225', '154.54.24.222', '154.54.28.130', '154.54.2.6', '154.54.26.53', '154.54.45.162', '154.54.40.146', '154.54.5.102', '38.88.224.186', '52.93.47.143', '54.240.242.183', '*', '*', '*', '*', '*', '54.239.210.231']",26,Hit from cloudfront,1.1 7cb7d4951cc5189c3bdfe1990694dbc2.cloudfront.net (CloudFront),SFO5-M1,yNgbLUZoA9CxVgThIerO0rXHN7XOFp4r3GmEmJqmYsV-qceiVzJ5Vg==,239342,https://s3-dub-2.cf.dash.row.aiv-cdn.net/dm/2$p1yx-wgXfP7uCY5TGack6KUVCck~/1eb1/cffd/ef5a/4c95-9e99-c93e0d3625f4/f4731b10-1147-4034-a5a1-d7ea0f49b2bf_video_11.mp4?amznDtid=AOAGZA014O5RE,media provided by PrimeVideo,"{'Content-Type': 'video/mp4', 'Content-Length': '686862460', 'Connection': 'keep-alive', 'Date': 'Wed, 21 Jun 2023 17:04:14 GMT', 'Last-Modified': 'Mon, 23 Sep 2019 18:21:33 GMT', 'ETag': '""a4ae93ce81c9a29704a1251810719524-132""', 'x-amz-storage-class': 'INTELLIGENT_TIERING', 'x-amz-meta-dv-checksum-sha-1': '04618ed1284a91b2a97e00807907678853ced215', 'x-amz-meta-dv-checksum-md5': '6718841b878ae68e696caa94e4ab8b00', 'x-amz-meta-dv-checksum-sha-256': 'c2b40cb4db7f022300a5b1a09d29de196f3c4db542aa29b8aa03e0b49cdc8655', 'Accept-Ranges': 'bytes', 'Server': 'AmazonS3', 'X-Cache': 'Hit from cloudfront', 'Via': '1.1 7cb7d4951cc5189c3bdfe1990694dbc2.cloudfront.net (CloudFront)', 'X-Server-IP': '54.239.210.231', 'X-Amz-Cf-Pop': 'SFO5-M1', 'X-Amz-Cf-Id': 'yNgbLUZoA9CxVgThIerO0rXHN7XOFp4r3GmEmJqmYsV-qceiVzJ5Vg==', 'Age': '239342'}"
24-06-2023_13:35:08:563490,54.240.130.99,159.66609900351614,"['*', '*', '10.80.128.241', '*', '213.55.155.5', '10.80.128.109', '149.6.54.73', '154.54.57.33', '154.54.60.165', '154.54.89.225', '154.54.24.222', '154.54.28.130', '154.54.2.6', '154.54.26.53', '154.54.45.162', '154.54.40.146', '154.54.5.102', '38.88.224.218', '52.93.47.155', '15.230.28.155', '*', '*', '*', '*', '*', '54.240.130.99']","['*', '*', '10.80.128.241', '*', '213.55.155.5', '10.80.128.109', '149.6.54.73', '154.54.57.33', '154.54.60.165', '154.54.89.225', '154.54.24.222', '154.54.28.130', '154.54.2.6', '154.54.26.53', '154.54.45.162', '154.54.40.146', '154.54.5.102', '38.88.224.218', '52.93.47.155', '15.230.28.155', '*', '*', '*', '*', '*', '54.240.130.99']",26,video/mp4,686862460,keep-alive,"Wed, 21 Jun 2023 17:04:14 GMT","Mon, 23 Sep 2019 18:21:33 GMT","""a4ae93ce81c9a29704a1251810719524-132""",INTELLIGENT_TIERING, ,04618ed1284a91b2a97e00807907678853ced215,6718841b878ae68e696caa94e4ab8b00,c2b40cb4db7f022300a5b1a09d29de196f3c4db542aa29b8aa03e0b49cdc8655,bytes,AmazonS3,54.239.212.237,"['*', '10.118.96.1', '10.80.128.241', '10.96.127.161', '213.55.155.5', '10.80.128.109', '149.6.54.73', '154.54.57.33', '154.54.60.165', '154.54.89.225', '154.54.24.222', '154.54.28.130', '154.54.2.6', '154.54.26.53', '154.54.45.162', '154.54.40.146', '154.54.5.102', '38.142.246.130', '15.230.28.29', '15.230.28.149', '*', '*', '*', '*', '*', '54.239.212.237']","['*', '10.118.96.1', '10.80.128.241', '10.96.127.161', '213.55.155.5', '10.80.128.109', '149.6.54.73', '154.54.57.33', '154.54.60.165', '154.54.89.225', '154.54.24.222', '154.54.28.130', '154.54.2.6', '154.54.26.53', '154.54.45.162', '154.54.40.146', '154.54.5.102', '38.142.246.130', '15.230.28.29', '15.230.28.149', '*', '*', '*', '*', '*', '54.239.212.237']",26,Hit from cloudfront,1.1 b56097f9979f3b5edd0c97ac6b005e02.cloudfront.net (CloudFront),SFO20-M2,gnmn6beYrcjeAhWEm-AX0ph7gvc-oENhMWxJOp6VJh1uyYj_f73DNA==,239455,https://s3-dub-2.cf.dash.row.aiv-cdn.net/dm/2$p1yx-wgXfP7uCY5TGack6KUVCck~/1eb1/cffd/ef5a/4c95-9e99-c93e0d3625f4/f4731b10-1147-4034-a5a1-d7ea0f49b2bf_video_11.mp4?amznDtid=AOAGZA014O5RE,media provided by PrimeVideo,"{'Content-Type': 'video/mp4', 'Content-Length': '686862460', 'Connection': 'keep-alive', 'Date': 'Wed, 21 Jun 2023 17:04:14 GMT', 'Last-Modified': 'Mon, 23 Sep 2019 18:21:33 GMT', 'ETag': '""a4ae93ce81c9a29704a1251810719524-132""', 'x-amz-storage-class': 'INTELLIGENT_TIERING', 'x-amz-meta-dv-checksum-sha-1': '04618ed1284a91b2a97e00807907678853ced215', 'x-amz-meta-dv-checksum-md5': '6718841b878ae68e696caa94e4ab8b00', 'x-amz-meta-dv-checksum-sha-256': 'c2b40cb4db7f022300a5b1a09d29de196f3c4db542aa29b8aa03e0b49cdc8655', 'Accept-Ranges': 'bytes', 'Server': 'AmazonS3', 'X-Cache': 'Hit from cloudfront', 'Via': '1.1 b56097f9979f3b5edd0c97ac6b005e02.cloudfront.net (CloudFront)', 'X-Server-IP': '54.239.212.237', 'X-Amz-Cf-Pop': 'SFO20-M2', 'X-Amz-Cf-Id': 'gnmn6beYrcjeAhWEm-AX0ph7gvc-oENhMWxJOp6VJh1uyYj_f73DNA==', 'Age': '239455'}"
24-06-2023_13:36:25:148896,54.182.215.109,24.422194925136864,"['*', '*', '10.80.128.241', '*', '213.55.155.5', '10.80.128.109', '149.6.54.73', '154.54.57.46', '154.54.57.126', '130.117.0.18', '154.54.36.53', '130.117.0.121', '149.14.82.82', '54.239.114.82', '*', '*', '*', '*', '*', '*', '54.182.215.109']","['*', '*', '10.80.128.241', '*', '213.55.155.5', '10.80.128.109', '149.6.54.73', '154.54.57.46', '154.54.57.126', '130.117.0.18', '154.54.36.53', '130.117.0.121', '149.14.82.82', '54.239.114.82', '*', '*', '*', '*', '*', '*', '54.182.215.109']",21,video/mp4,686862460,keep-alive,"Fri, 23 Jun 2023 22:18:17 GMT","Mon, 23 Sep 2019 18:21:33 GMT","""a4ae93ce81c9a29704a1251810719524-132""",INTELLIGENT_TIERING, ,04618ed1284a91b2a97e00807907678853ced215,6718841b878ae68e696caa94e4ab8b00,c2b40cb4db7f022300a5b1a09d29de196f3c4db542aa29b8aa03e0b49cdc8655,bytes,AmazonS3,54.182.174.101,"['*', '10.118.96.1', '10.80.128.241', '*', '213.55.155.5', '10.80.128.109', '149.6.54.73', '154.54.57.46', '154.54.57.126', '130.117.0.18', '154.54.36.53', '130.117.0.121', '149.14.82.82', '*', '*', '*', '*', '*', '*', '*', '54.182.174.101']","['*', '10.118.96.1', '10.80.128.241', '*', '213.55.155.5', '10.80.128.109', '149.6.54.73', '154.54.57.46', '154.54.57.126', '130.117.0.18', '154.54.36.53', '130.117.0.121', '149.14.82.82', '*', '*', '*', '*', '*', '*', '*', '54.182.174.101']",21,Hit from cloudfront,1.1 8735676231bc881737995163d374c87a.cloudfront.net (CloudFront),AMS51-M1,sL30rInfQBCfqn07Ihx2TtfmAajwGs_LSFsJGjKhBtp1qfXPbjKSfw==,47889,https://s3-dub-2.cf.dash.row.aiv-cdn.net/dm/2$p1yx-wgXfP7uCY5TGack6KUVCck~/1eb1/cffd/ef5a/4c95-9e99-c93e0d3625f4/f4731b10-1147-4034-a5a1-d7ea0f49b2bf_video_11.mp4?amznDtid=AOAGZA014O5RE,media provided by PrimeVideo,"{'Content-Type': 'video/mp4', 'Content-Length': '686862460', 'Connection': 'keep-alive', 'Date': 'Fri, 23 Jun 2023 22:18:17 GMT', 'Last-Modified': 'Mon, 23 Sep 2019 18:21:33 GMT', 'ETag': '""a4ae93ce81c9a29704a1251810719524-132""', 'x-amz-storage-class': 'INTELLIGENT_TIERING', 'x-amz-meta-dv-checksum-sha-1': '04618ed1284a91b2a97e00807907678853ced215', 'x-amz-meta-dv-checksum-md5': '6718841b878ae68e696caa94e4ab8b00', 'x-amz-meta-dv-checksum-sha-256': 'c2b40cb4db7f022300a5b1a09d29de196f3c4db542aa29b8aa03e0b49cdc8655', 'Accept-Ranges': 'bytes', 'Server': 'AmazonS3', 'X-Cache': 'Hit from cloudfront', 'Via': '1.1 8735676231bc881737995163d374c87a.cloudfront.net (CloudFront)', 'X-Server-IP': '54.182.174.101', 'X-Amz-Cf-Pop': 'AMS51-M1', 'X-Amz-Cf-Id': 'sL30rInfQBCfqn07Ihx2TtfmAajwGs_LSFsJGjKhBtp1qfXPbjKSfw==', 'Age': '47889'}"
24-06-2023_13:37:39:134948,54.182.216.113,24.46624299045652,"['*', '*', '10.80.128.241', '*', '213.55.155.5', '10.80.128.109', '149.6.54.73', '154.54.57.46', '154.54.57.130', '130.117.0.62', '154.54.36.253', '130.117.0.141', '149.29.2.2', '52.93.112.8', '*', '*', '*', '*', '*', '*', '54.182.216.113']","['*', '*', '10.80.128.241', '*', '213.55.155.5', '10.80.128.109', '149.6.54.73', '154.54.57.46', '154.54.57.130', '130.117.0.62', '154.54.36.253', '130.117.0.141', '149.29.2.2', '52.93.112.8', '*', '*', '*', '*', '*', '*', '54.182.216.113']",21,video/mp4,686862460,keep-alive,"Fri, 23 Jun 2023 22:18:17 GMT","Mon, 23 Sep 2019 18:21:33 GMT","""a4ae93ce81c9a29704a1251810719524-132""",INTELLIGENT_TIERING, ,04618ed1284a91b2a97e00807907678853ced215,6718841b878ae68e696caa94e4ab8b00,c2b40cb4db7f022300a5b1a09d29de196f3c4db542aa29b8aa03e0b49cdc8655,bytes,AmazonS3,54.182.177.165,"['*', '10.118.96.1', '10.80.128.241', '*', '213.55.155.5', '10.80.128.109', '149.6.54.73', '154.54.57.46', '154.54.57.126', '130.117.0.18', '154.54.36.53', '130.117.0.121', '149.14.82.82', '*', '*', '*', '*', '*', '*', '*', '54.182.177.165']","['*', '10.118.96.1', '10.80.128.241', '*', '213.55.155.5', '10.80.128.109', '149.6.54.73', '154.54.57.46', '154.54.57.126', '130.117.0.18', '154.54.36.53', '130.117.0.121', '149.14.82.82', '*', '*', '*', '*', '*', '*', '*', '54.182.177.165']",21,Hit from cloudfront,1.1 1ae81d8c2c4de48478e66755a5b17838.cloudfront.net (CloudFront),AMS52-M2,BYLmBbKypS5RazSYwFV6SLZpuQcFI-WtzQBxwlY8WofkjJloT_dJHw==,47963,https://s3-dub-2.cf.dash.row.aiv-cdn.net/dm/2$p1yx-wgXfP7uCY5TGack6KUVCck~/1eb1/cffd/ef5a/4c95-9e99-c93e0d3625f4/f4731b10-1147-4034-a5a1-d7ea0f49b2bf_video_11.mp4?amznDtid=AOAGZA014O5RE,media provided by PrimeVideo,"{'Content-Type': 'video/mp4', 'Content-Length': '686862460', 'Connection': 'keep-alive', 'Date': 'Fri, 23 Jun 2023 22:18:17 GMT', 'Last-Modified': 'Mon, 23 Sep 2019 18:21:33 GMT', 'ETag': '""a4ae93ce81c9a29704a1251810719524-132""', 'x-amz-storage-class': 'INTELLIGENT_TIERING', 'x-amz-meta-dv-checksum-sha-1': '04618ed1284a91b2a97e00807907678853ced215', 'x-amz-meta-dv-checksum-md5': '6718841b878ae68e696caa94e4ab8b00', 'x-amz-meta-dv-checksum-sha-256': 'c2b40cb4db7f022300a5b1a09d29de196f3c4db542aa29b8aa03e0b49cdc8655', 'Accept-Ranges': 'bytes', 'Server': 'AmazonS3', 'X-Cache': 'Hit from cloudfront', 'Via': '1.1 1ae81d8c2c4de48478e66755a5b17838.cloudfront.net (CloudFront)', 'X-Server-IP': '54.182.177.165', 'X-Amz-Cf-Pop': 'AMS52-M2', 'X-Amz-Cf-Id': 'BYLmBbKypS5RazSYwFV6SLZpuQcFI-WtzQBxwlY8WofkjJloT_dJHw==', 'Age': '47963'}"
24-06-2023_13:38:57:490152,54.182.217.120,24.25557898823172,"['*', '*', '10.80.128.241', '*', '213.55.155.5', '10.80.128.109', '149.6.54.73', '154.54.57.46', '154.54.57.130', '130.117.0.62', '154.54.36.253', '130.117.0.141', '149.29.2.2', '52.93.112.6', '*', '*', '*', '*', '*', '*', '54.182.217.120']","['*', '*', '10.80.128.241', '*', '213.55.155.5', '10.80.128.109', '149.6.54.73', '154.54.57.46', '154.54.57.130', '130.117.0.62', '154.54.36.253', '130.117.0.141', '149.29.2.2', '52.93.112.6', '*', '*', '*', '*', '*', '*', '54.182.217.120']",21,video/mp4,686862460,keep-alive,"Fri, 23 Jun 2023 22:18:17 GMT","Mon, 23 Sep 2019 18:21:33 GMT","""a4ae93ce81c9a29704a1251810719524-132""",INTELLIGENT_TIERING, ,04618ed1284a91b2a97e00807907678853ced215,6718841b878ae68e696caa94e4ab8b00,c2b40cb4db7f022300a5b1a09d29de196f3c4db542aa29b8aa03e0b49cdc8655,bytes,AmazonS3,54.182.179.163,"['*', '10.118.96.1', '10.80.128.241', '*', '213.55.155.5', '10.80.128.109', '149.6.54.73', '154.54.57.46', '154.54.57.130', '130.117.0.62', '154.54.36.253', '130.117.0.141', '149.29.2.2', '*', '*', '*', '*', '*', '*', '*', '54.182.179.163']","['*', '10.118.96.1', '10.80.128.241', '*', '213.55.155.5', '10.80.128.109', '149.6.54.73', '154.54.57.46', '154.54.57.130', '130.117.0.62', '154.54.36.253', '130.117.0.141', '149.29.2.2', '*', '*', '*', '*', '*', '*', '*', '54.182.179.163']",21,Hit from cloudfront,1.1 0f569f5eed9d8f5ec35322c7a80ab2fa.cloudfront.net (CloudFront),AMS53-M3,L4DAld1rVvsxplcEojnT2ld1Z8lWqpwSle-P_gc3vzYtOtwm9BVfng==,48041,https://s3-dub-2.cf.dash.row.aiv-cdn.net/dm/2$p1yx-wgXfP7uCY5TGack6KUVCck~/1eb1/cffd/ef5a/4c95-9e99-c93e0d3625f4/f4731b10-1147-4034-a5a1-d7ea0f49b2bf_video_11.mp4?amznDtid=AOAGZA014O5RE,media provided by PrimeVideo,"{'Content-Type': 'video/mp4', 'Content-Length': '686862460', 'Connection': 'keep-alive', 'Date': 'Fri, 23 Jun 2023 22:18:17 GMT', 'Last-Modified': 'Mon, 23 Sep 2019 18:21:33 GMT', 'ETag': '""a4ae93ce81c9a29704a1251810719524-132""', 'x-amz-storage-class': 'INTELLIGENT_TIERING', 'x-amz-meta-dv-checksum-sha-1': '04618ed1284a91b2a97e00807907678853ced215', 'x-amz-meta-dv-checksum-md5': '6718841b878ae68e696caa94e4ab8b00', 'x-amz-meta-dv-checksum-sha-256': 'c2b40cb4db7f022300a5b1a09d29de196f3c4db542aa29b8aa03e0b49cdc8655', 'Accept-Ranges': 'bytes', 'Server': 'AmazonS3', 'X-Cache': 'Hit from cloudfront', 'Via': '1.1 0f569f5eed9d8f5ec35322c7a80ab2fa.cloudfront.net (CloudFront)', 'X-Server-IP': '54.182.179.163', 'X-Amz-Cf-Pop': 'AMS53-M3', 'X-Amz-Cf-Id': 'L4DAld1rVvsxplcEojnT2ld1Z8lWqpwSle-P_gc3vzYtOtwm9BVfng==', 'Age': '48041'}"
24-06-2023_13:40:13:934281,54.182.235.102,19.87154793459922,"['*', '*', '10.80.128.241', '*', '213.55.155.5', '10.80.128.109', '149.6.54.73', '154.54.57.33', '154.54.36.165', '154.54.60.170', '149.14.196.218', '*', '*', '*', '*', '*', '*', '*', '54.182.235.102']","['*', '*', '10.80.128.241', '*', '213.55.155.5', '10.80.128.109', '149.6.54.73', '154.54.57.33', '154.54.36.165', '154.54.60.170', '149.14.196.218', '*', '*', '*', '*', '*', '*', '*', '54.182.235.102']",19,video/mp4,686862460,keep-alive,"Wed, 21 Jun 2023 17:39:25 GMT","Mon, 23 Sep 2019 18:21:33 GMT","""a4ae93ce81c9a29704a1251810719524-132""",INTELLIGENT_TIERING, ,04618ed1284a91b2a97e00807907678853ced215,6718841b878ae68e696caa94e4ab8b00,c2b40cb4db7f022300a5b1a09d29de196f3c4db542aa29b8aa03e0b49cdc8655,bytes,AmazonS3,54.182.172.114,"['192.168.1.1', '10.118.96.1', '10.80.128.241', '10.96.127.161', '213.55.155.5', '10.80.128.109', '149.6.54.73', '154.54.57.33', '154.54.60.165', '154.54.60.174', '149.11.167.138', '*', '*', '*', '*', '*', '*', '*', '54.182.172.114']","['192.168.1.1', '10.118.96.1', '10.80.128.241', '10.96.127.161', '213.55.155.5', '10.80.128.109', '149.6.54.73', '154.54.57.33', '154.54.60.165', '154.54.60.174', '149.11.167.138', '*', '*', '*', '*', '*', '*', '*', '54.182.172.114']",19,Hit from cloudfront,1.1 8cef5b24eb3f4cc3a7cb57912605cf02.cloudfront.net (CloudFront),LHR50-M1,6PUoKUxR-tqhY0BLzvOxHe6YwWQfoju0rNrXO8PsROPgADScFEFirw==,237650,https://s3-dub-2.cf.dash.row.aiv-cdn.net/dm/2$p1yx-wgXfP7uCY5TGack6KUVCck~/1eb1/cffd/ef5a/4c95-9e99-c93e0d3625f4/f4731b10-1147-4034-a5a1-d7ea0f49b2bf_video_11.mp4?amznDtid=AOAGZA014O5RE,media provided by PrimeVideo,"{'Content-Type': 'video/mp4', 'Content-Length': '686862460', 'Connection': 'keep-alive', 'Date': 'Wed, 21 Jun 2023 17:39:25 GMT', 'Last-Modified': 'Mon, 23 Sep 2019 18:21:33 GMT', 'ETag': '""a4ae93ce81c9a29704a1251810719524-132""', 'x-amz-storage-class': 'INTELLIGENT_TIERING', 'x-amz-meta-dv-checksum-sha-1': '04618ed1284a91b2a97e00807907678853ced215', 'x-amz-meta-dv-checksum-md5': '6718841b878ae68e696caa94e4ab8b00', 'x-amz-meta-dv-checksum-sha-256': 'c2b40cb4db7f022300a5b1a09d29de196f3c4db542aa29b8aa03e0b49cdc8655', 'Accept-Ranges': 'bytes', 'Server': 'AmazonS3', 'X-Cache': 'Hit from cloudfront', 'Via': '1.1 8cef5b24eb3f4cc3a7cb57912605cf02.cloudfront.net (CloudFront)', 'X-Server-IP': '54.182.172.114', 'X-Amz-Cf-Pop': 'LHR50-M1', 'X-Amz-Cf-Id': '6PUoKUxR-tqhY0BLzvOxHe6YwWQfoju0rNrXO8PsROPgADScFEFirw==', 'Age': '237650'}"
24-06-2023_13:41:25:605728,54.182.171.116,20.71341802366078,"['*', '*', '10.80.128.241', '*', '213.55.155.5', '10.80.128.109', '149.6.54.73', '154.54.57.33', '154.54.36.165', '154.54.60.170', '149.14.196.218', '*', '*', '*', '*', '*', '*', '*', '54.182.171.116']","['*', '*', '10.80.128.241', '*', '213.55.155.5', '10.80.128.109', '149.6.54.73', '154.54.57.33', '154.54.36.165', '154.54.60.170', '149.14.196.218', '*', '*', '*', '*', '*', '*', '*', '54.182.171.116']",19,video/mp4,686862460,keep-alive,"Wed, 21 Jun 2023 17:39:25 GMT","Mon, 23 Sep 2019 18:21:33 GMT","""a4ae93ce81c9a29704a1251810719524-132""",INTELLIGENT_TIERING, ,04618ed1284a91b2a97e00807907678853ced215,6718841b878ae68e696caa94e4ab8b00,c2b40cb4db7f022300a5b1a09d29de196f3c4db542aa29b8aa03e0b49cdc8655,bytes,AmazonS3,54.182.188.74,"['*', '10.118.96.1', '10.80.128.241', '*', '213.55.155.5', '10.80.128.109', '149.6.54.73', '154.54.57.33', '154.54.60.165', '154.54.60.174', '149.11.167.138', '*', '*', '*', '*', '*', '*', '*', '54.182.188.74']","['*', '10.118.96.1', '10.80.128.241', '*', '213.55.155.5', '10.80.128.109', '149.6.54.73', '154.54.57.33', '154.54.60.165', '154.54.60.174', '149.11.167.138', '*', '*', '*', '*', '*', '*', '*', '54.182.188.74']",19,Hit from cloudfront,1.1 6460506c8a02bff30fc65dbf7bd7ec68.cloudfront.net (CloudFront),LHR61-M2,VIqN8F0En_Yn4d-n5gSJ7ps0Q8rQEL-M6O-IhWgxJeQ_DM2XxZbiJA==,237721,https://s3-dub-2.cf.dash.row.aiv-cdn.net/dm/2$p1yx-wgXfP7uCY5TGack6KUVCck~/1eb1/cffd/ef5a/4c95-9e99-c93e0d3625f4/f4731b10-1147-4034-a5a1-d7ea0f49b2bf_video_11.mp4?amznDtid=AOAGZA014O5RE,media provided by PrimeVideo,"{'Content-Type': 'video/mp4', 'Content-Length': '686862460', 'Connection': 'keep-alive', 'Date': 'Wed, 21 Jun 2023 17:39:25 GMT', 'Last-Modified': 'Mon, 23 Sep 2019 18:21:33 GMT', 'ETag': '""a4ae93ce81c9a29704a1251810719524-132""', 'x-amz-storage-class': 'INTELLIGENT_TIERING', 'x-amz-meta-dv-checksum-sha-1': '04618ed1284a91b2a97e00807907678853ced215', 'x-amz-meta-dv-checksum-md5': '6718841b878ae68e696caa94e4ab8b00', 'x-amz-meta-dv-checksum-sha-256': 'c2b40cb4db7f022300a5b1a09d29de196f3c4db542aa29b8aa03e0b49cdc8655', 'Accept-Ranges': 'bytes', 'Server': 'AmazonS3', 'X-Cache': 'Hit from cloudfront', 'Via': '1.1 6460506c8a02bff30fc65dbf7bd7ec68.cloudfront.net (CloudFront)', 'X-Server-IP': '54.182.188.74', 'X-Amz-Cf-Pop': 'LHR61-M2', 'X-Amz-Cf-Id': 'VIqN8F0En_Yn4d-n5gSJ7ps0Q8rQEL-M6O-IhWgxJeQ_DM2XxZbiJA==', 'Age': '237721'}"
24-06-2023_13:42:42:624413,54.182.190.119,19.532436039298773,"['*', '*', '10.80.128.241', '*', '213.55.155.5', '10.80.128.109', '149.6.54.73', '154.54.57.33', '154.54.60.165', '154.54.60.174', '149.11.167.138', '*', '*', '*', '*', '*', '*', '*', '54.182.190.119']","['*', '*', '10.80.128.241', '*', '213.55.155.5', '10.80.128.109', '149.6.54.73', '154.54.57.33', '154.54.60.165', '154.54.60.174', '149.11.167.138', '*', '*', '*', '*', '*', '*', '*', '54.182.190.119']",19,video/mp4,686862460,keep-alive,"Wed, 21 Jun 2023 17:39:25 GMT","Mon, 23 Sep 2019 18:21:33 GMT","""a4ae93ce81c9a29704a1251810719524-132""",INTELLIGENT_TIERING, ,04618ed1284a91b2a97e00807907678853ced215,6718841b878ae68e696caa94e4ab8b00,c2b40cb4db7f022300a5b1a09d29de196f3c4db542aa29b8aa03e0b49cdc8655,bytes,AmazonS3,130.176.102.73,"['*', '10.118.96.1', '10.80.128.241', '*', '213.55.155.5', '10.80.128.109', '149.6.54.73', '154.54.57.33', '154.54.60.165', '154.54.60.174', '149.11.167.138', '*', '*', '*', '*', '*', '*', '*', '130.176.102.73']","['*', '10.118.96.1', '10.80.128.241', '*', '213.55.155.5', '10.80.128.109', '149.6.54.73', '154.54.57.33', '154.54.60.165', '154.54.60.174', '149.11.167.138', '*', '*', '*', '*', '*', '*', '*', '130.176.102.73']",19,Hit from cloudfront,1.1 b1c476622d8ed6629c21e9de698dfdaa.cloudfront.net (CloudFront),LHR62-M3,rV7vHfzskMSUB9FrqJtcRcdd6Bh3aFPVnVe4Pf0PU2HB_XX2-Fxu_w==,237798,https://s3-dub-2.cf.dash.row.aiv-cdn.net/dm/2$p1yx-wgXfP7uCY5TGack6KUVCck~/1eb1/cffd/ef5a/4c95-9e99-c93e0d3625f4/f4731b10-1147-4034-a5a1-d7ea0f49b2bf_video_11.mp4?amznDtid=AOAGZA014O5RE,media provided by PrimeVideo,"{'Content-Type': 'video/mp4', 'Content-Length': '686862460', 'Connection': 'keep-alive', 'Date': 'Wed, 21 Jun 2023 17:39:25 GMT', 'Last-Modified': 'Mon, 23 Sep 2019 18:21:33 GMT', 'ETag': '""a4ae93ce81c9a29704a1251810719524-132""', 'x-amz-storage-class': 'INTELLIGENT_TIERING', 'x-amz-meta-dv-checksum-sha-1': '04618ed1284a91b2a97e00807907678853ced215', 'x-amz-meta-dv-checksum-md5': '6718841b878ae68e696caa94e4ab8b00', 'x-amz-meta-dv-checksum-sha-256': 'c2b40cb4db7f022300a5b1a09d29de196f3c4db542aa29b8aa03e0b49cdc8655', 'Accept-Ranges': 'bytes', 'Server': 'AmazonS3', 'X-Cache': 'Hit from cloudfront', 'Via': '1.1 b1c476622d8ed6629c21e9de698dfdaa.cloudfront.net (CloudFront)', 'X-Server-IP': '130.176.102.73', 'X-Amz-Cf-Pop': 'LHR62-M3', 'X-Amz-Cf-Id': 'rV7vHfzskMSUB9FrqJtcRcdd6Bh3aFPVnVe4Pf0PU2HB_XX2-Fxu_w==', 'Age': '237798'}"
24-06-2023_13:43:58:445392,54.182.199.108,21.29421499557793,"['*', '*', '10.80.128.241', '*', '213.55.155.5', '10.80.128.109', '149.6.54.73', '154.54.57.33', '154.54.60.165', '154.54.60.174', '149.11.167.138', '*', '*', '*', '*', '*', '*', '*', '54.182.199.108']","['*', '*', '10.80.128.241', '*', '213.55.155.5', '10.80.128.109', '149.6.54.73', '154.54.57.33', '154.54.60.165', '154.54.60.174', '149.11.167.138', '*', '*', '*', '*', '*', '*', '*', '54.182.199.108']",19,video/mp4,686862460,keep-alive,"Wed, 21 Jun 2023 17:52:47 GMT","Mon, 23 Sep 2019 18:21:33 GMT","""a4ae93ce81c9a29704a1251810719524-132""",INTELLIGENT_TIERING, ,04618ed1284a91b2a97e00807907678853ced215,6718841b878ae68e696caa94e4ab8b00,c2b40cb4db7f022300a5b1a09d29de196f3c4db542aa29b8aa03e0b49cdc8655,bytes,AmazonS3,54.182.142.170,"['192.168.1.1', '10.118.96.1', '10.80.128.241', '10.96.127.161', '213.55.155.5', '10.80.128.109', '149.6.54.73', '154.54.57.33', '154.54.36.165', '154.54.60.170', '149.14.196.218', '*', '*', '*', '*', '*', '*', '*', '54.182.142.170']","['192.168.1.1', '10.118.96.1', '10.80.128.241', '10.96.127.161', '213.55.155.5', '10.80.128.109', '149.6.54.73', '154.54.57.33', '154.54.36.165', '154.54.60.170', '149.14.196.218', '*', '*', '*', '*', '*', '*', '*', '54.182.142.170']",19,Hit from cloudfront,1.1 649761b07000fd04f1b1948dbe787c62.cloudfront.net (CloudFront),LHR51-M2,LPjRZqH2_sseusul4cLTZYVu1cYwHwos93LbXP3avJ40vxV80u9KuA==,237072,https://s3-dub-2.cf.dash.row.aiv-cdn.net/dm/2$p1yx-wgXfP7uCY5TGack6KUVCck~/1eb1/cffd/ef5a/4c95-9e99-c93e0d3625f4/f4731b10-1147-4034-a5a1-d7ea0f49b2bf_video_11.mp4?amznDtid=AOAGZA014O5RE,media provided by PrimeVideo,"{'Content-Type': 'video/mp4', 'Content-Length': '686862460', 'Connection': 'keep-alive', 'Date': 'Wed, 21 Jun 2023 17:52:47 GMT', 'Last-Modified': 'Mon, 23 Sep 2019 18:21:33 GMT', 'ETag': '""a4ae93ce81c9a29704a1251810719524-132""', 'x-amz-storage-class': 'INTELLIGENT_TIERING', 'x-amz-meta-dv-checksum-sha-1': '04618ed1284a91b2a97e00807907678853ced215', 'x-amz-meta-dv-checksum-md5': '6718841b878ae68e696caa94e4ab8b00', 'x-amz-meta-dv-checksum-sha-256': 'c2b40cb4db7f022300a5b1a09d29de196f3c4db542aa29b8aa03e0b49cdc8655', 'Accept-Ranges': 'bytes', 'Server': 'AmazonS3', 'X-Cache': 'Hit from cloudfront', 'Via': '1.1 649761b07000fd04f1b1948dbe787c62.cloudfront.net (CloudFront)', 'X-Server-IP': '54.182.142.170', 'X-Amz-Cf-Pop': 'LHR51-M2', 'X-Amz-Cf-Id': 'LPjRZqH2_sseusul4cLTZYVu1cYwHwos93LbXP3avJ40vxV80u9KuA==', 'Age': '237072'}"
24-06-2023_13:45:11:579361,54.182.200.122,20.489077898673713,"['*', '*', '10.80.128.241', '*', '213.55.155.5', '10.80.128.109', '149.6.54.73', '154.54.57.33', '154.54.60.165', '154.54.60.174', '149.11.167.138', '*', '*', '*', '*', '*', '*', '*', '54.182.200.122']","['*', '*', '10.80.128.241', '*', '213.55.155.5', '10.80.128.109', '149.6.54.73', '154.54.57.33', '154.54.60.165', '154.54.60.174', '149.11.167.138', '*', '*', '*', '*', '*', '*', '*', '54.182.200.122']",19,video/mp4,686862460,keep-alive,"Wed, 21 Jun 2023 17:52:47 GMT","Mon, 23 Sep 2019 18:21:33 GMT","""a4ae93ce81c9a29704a1251810719524-132""",INTELLIGENT_TIERING, ,04618ed1284a91b2a97e00807907678853ced215,6718841b878ae68e696caa94e4ab8b00,c2b40cb4db7f022300a5b1a09d29de196f3c4db542aa29b8aa03e0b49cdc8655,bytes,AmazonS3,54.182.144.228,"['192.168.1.1', '10.118.96.1', '10.80.128.241', '10.96.127.161', '213.55.155.5', '10.80.128.109', '149.6.54.73', '154.54.57.33', '154.54.60.165', '154.54.60.174', '149.11.167.138', '*', '*', '*', '*', '*', '*', '*', '54.182.144.228']","['192.168.1.1', '10.118.96.1', '10.80.128.241', '10.96.127.161', '213.55.155.5', '10.80.128.109', '149.6.54.73', '154.54.57.33', '154.54.60.165', '154.54.60.174', '149.11.167.138', '*', '*', '*', '*', '*', '*', '*', '54.182.144.228']",19,Hit from cloudfront,1.1 9c906f6c92d899559f95167af0049c2c.cloudfront.net (CloudFront),LHR52-M3,Q3UsnXtmqFw67cAUUBMKw3va3LjO52plprIbIMIMkhl0y06YegOSKQ==,237145,https://s3-dub-2.cf.dash.row.aiv-cdn.net/dm/2$p1yx-wgXfP7uCY5TGack6KUVCck~/1eb1/cffd/ef5a/4c95-9e99-c93e0d3625f4/f4731b10-1147-4034-a5a1-d7ea0f49b2bf_video_11.mp4?amznDtid=AOAGZA014O5RE,media provided by PrimeVideo,"{'Content-Type': 'video/mp4', 'Content-Length': '686862460', 'Connection': 'keep-alive', 'Date': 'Wed, 21 Jun 2023 17:52:47 GMT', 'Last-Modified': 'Mon, 23 Sep 2019 18:21:33 GMT', 'ETag': '""a4ae93ce81c9a29704a1251810719524-132""', 'x-amz-storage-class': 'INTELLIGENT_TIERING', 'x-amz-meta-dv-checksum-sha-1': '04618ed1284a91b2a97e00807907678853ced215', 'x-amz-meta-dv-checksum-md5': '6718841b878ae68e696caa94e4ab8b00', 'x-amz-meta-dv-checksum-sha-256': 'c2b40cb4db7f022300a5b1a09d29de196f3c4db542aa29b8aa03e0b49cdc8655', 'Accept-Ranges': 'bytes', 'Server': 'AmazonS3', 'X-Cache': 'Hit from cloudfront', 'Via': '1.1 9c906f6c92d899559f95167af0049c2c.cloudfront.net (CloudFront)', 'X-Server-IP': '54.182.144.228', 'X-Amz-Cf-Pop': 'LHR52-M3', 'X-Amz-Cf-Id': 'Q3UsnXtmqFw67cAUUBMKw3va3LjO52plprIbIMIMkhl0y06YegOSKQ==', 'Age': '237145'}"
24-06-2023_13:46:24:270941,54.182.198.104,20.78642207197845,"['*', '*', '10.80.128.241', '*', '213.55.155.5', '10.80.128.109', '149.6.54.73', '154.54.57.33', '154.54.36.165', '154.54.60.170', '149.14.196.218', '*', '*', '*', '*', '*', '*', '*', '54.182.198.104']","['*', '*', '10.80.128.241', '*', '213.55.155.5', '10.80.128.109', '149.6.54.73', '154.54.57.33', '154.54.36.165', '154.54.60.170', '149.14.196.218', '*', '*', '*', '*', '*', '*', '*', '54.182.198.104']",19,video/mp4,686862460,keep-alive,"Wed, 21 Jun 2023 17:52:47 GMT","Mon, 23 Sep 2019 18:21:33 GMT","""a4ae93ce81c9a29704a1251810719524-132""",INTELLIGENT_TIERING, ,04618ed1284a91b2a97e00807907678853ced215,6718841b878ae68e696caa94e4ab8b00,c2b40cb4db7f022300a5b1a09d29de196f3c4db542aa29b8aa03e0b49cdc8655,bytes,AmazonS3,54.182.140.163,"['*', '10.118.96.1', '10.80.128.241', '*', '213.55.155.5', '10.80.128.109', '149.6.54.73', '154.54.57.33', '154.54.60.165', '154.54.60.174', '149.11.167.138', '*', '*', '*', '*', '*', '*', '*', '54.182.140.163']","['*', '10.118.96.1', '10.80.128.241', '*', '213.55.155.5', '10.80.128.109', '149.6.54.73', '154.54.57.33', '154.54.60.165', '154.54.60.174', '149.11.167.138', '*', '*', '*', '*', '*', '*', '*', '54.182.140.163']",19,Hit from cloudfront,1.1 af2c8d35b3eb444a236712126d1bc23e.cloudfront.net (CloudFront),LHR4-M1,W_mGF0xcTjdECqfBEbGcUiqBj3J-qyVA3ErNcjs41jyH8dy1a__18w==,237218,https://s3-dub-2.cf.dash.row.aiv-cdn.net/dm/2$p1yx-wgXfP7uCY5TGack6KUVCck~/1eb1/cffd/ef5a/4c95-9e99-c93e0d3625f4/f4731b10-1147-4034-a5a1-d7ea0f49b2bf_video_11.mp4?amznDtid=AOAGZA014O5RE,media provided by PrimeVideo,"{'Content-Type': 'video/mp4', 'Content-Length': '686862460', 'Connection': 'keep-alive', 'Date': 'Wed, 21 Jun 2023 17:52:47 GMT', 'Last-Modified': 'Mon, 23 Sep 2019 18:21:33 GMT', 'ETag': '""a4ae93ce81c9a29704a1251810719524-132""', 'x-amz-storage-class': 'INTELLIGENT_TIERING', 'x-amz-meta-dv-checksum-sha-1': '04618ed1284a91b2a97e00807907678853ced215', 'x-amz-meta-dv-checksum-md5': '6718841b878ae68e696caa94e4ab8b00', 'x-amz-meta-dv-checksum-sha-256': 'c2b40cb4db7f022300a5b1a09d29de196f3c4db542aa29b8aa03e0b49cdc8655', 'Accept-Ranges': 'bytes', 'Server': 'AmazonS3', 'X-Cache': 'Hit from cloudfront', 'Via': '1.1 af2c8d35b3eb444a236712126d1bc23e.cloudfront.net (CloudFront)', 'X-Server-IP': '54.182.140.163', 'X-Amz-Cf-Pop': 'LHR4-M1', 'X-Amz-Cf-Id': 'W_mGF0xcTjdECqfBEbGcUiqBj3J-qyVA3ErNcjs41jyH8dy1a__18w==', 'Age': '237218'}"
24-06-2023_13:47:39:866244,18.165.183.115,5.089226993732154,"['*', '*', '10.80.128.241', '*', '213.55.155.5', '*', '99.82.180.94', '52.93.42.225', '52.93.42.97', '*', '*', '*', '*', '*', '*', '*', '18.165.183.115']","['*', '*', '10.80.128.241', '*', '213.55.155.5', '*', '99.82.180.94', '52.93.42.225', '52.93.42.97', '*', '*', '*', '*', '*', '*', '*', '18.165.183.115']",17,video/mp4,686862460,keep-alive,"Wed, 21 Jun 2023 17:56:05 GMT","Mon, 23 Sep 2019 18:21:33 GMT","""a4ae93ce81c9a29704a1251810719524-132""",INTELLIGENT_TIERING, ,04618ed1284a91b2a97e00807907678853ced215,6718841b878ae68e696caa94e4ab8b00,c2b40cb4db7f022300a5b1a09d29de196f3c4db542aa29b8aa03e0b49cdc8655,bytes,AmazonS3,18.68.14.22,"['*', '10.118.96.1', '10.80.128.241', '*', '213.55.155.5', '*', '99.82.180.94', '52.93.42.229', '52.93.42.127', '*', '*', '*', '*', '*', '18.68.14.22']","['*', '10.118.96.1', '10.80.128.241', '*', '213.55.155.5', '*', '99.82.180.94', '52.93.42.229', '52.93.42.127', '*', '*', '*', '*', '*', '18.68.14.22']",15,Hit from cloudfront,1.1 2aefdd231d9806ea2eced3399f411f80.cloudfront.net (CloudFront),ZRH55-P1,hm0RW-5SEnBHIGJFtke5bpCj_2vvEdJhyRTVvhe8kzw4daIuvtAShw==,237095,https://s3-dub-2.cf.dash.row.aiv-cdn.net/dm/2$p1yx-wgXfP7uCY5TGack6KUVCck~/1eb1/cffd/ef5a/4c95-9e99-c93e0d3625f4/f4731b10-1147-4034-a5a1-d7ea0f49b2bf_video_11.mp4?amznDtid=AOAGZA014O5RE,media provided by PrimeVideo,"{'Content-Type': 'video/mp4', 'Content-Length': '686862460', 'Connection': 'keep-alive', 'Date': 'Wed, 21 Jun 2023 17:56:05 GMT', 'Last-Modified': 'Mon, 23 Sep 2019 18:21:33 GMT', 'ETag': '""a4ae93ce81c9a29704a1251810719524-132""', 'x-amz-storage-class': 'INTELLIGENT_TIERING', 'x-amz-meta-dv-checksum-sha-1': '04618ed1284a91b2a97e00807907678853ced215', 'x-amz-meta-dv-checksum-md5': '6718841b878ae68e696caa94e4ab8b00', 'x-amz-meta-dv-checksum-sha-256': 'c2b40cb4db7f022300a5b1a09d29de196f3c4db542aa29b8aa03e0b49cdc8655', 'Accept-Ranges': 'bytes', 'Server': 'AmazonS3', 'X-Cache': 'Hit from cloudfront', 'Via': '1.1 2aefdd231d9806ea2eced3399f411f80.cloudfront.net (CloudFront)', 'X-Server-IP': '18.68.14.22', 'X-Amz-Cf-Pop': 'ZRH55-P1', 'X-Amz-Cf-Id': 'hm0RW-5SEnBHIGJFtke5bpCj_2vvEdJhyRTVvhe8kzw4daIuvtAShw==', 'Age': '237095'}"
24-06-2023_13:48:43:719847,108.138.199.35,10.877117048949003,"['*', '*', '10.80.128.241', '*', '213.55.155.5', '10.80.128.109', '149.6.54.73', '154.54.57.46', '154.54.57.130', '154.54.61.90', '149.29.29.74', '*', '*', '*', '*', '*', '*', '108.138.199.35']","['*', '*', '10.80.128.241', '*', '213.55.155.5', '10.80.128.109', '149.6.54.73', '154.54.57.46', '154.54.57.130', '154.54.61.90', '149.29.29.74', '*', '*', '*', '*', '*', '*', '108.138.199.35']",18,video/mp4,686862460,keep-alive,"Wed, 21 Jun 2023 17:56:05 GMT","Mon, 23 Sep 2019 18:21:33 GMT","""a4ae93ce81c9a29704a1251810719524-132""",INTELLIGENT_TIERING, ,04618ed1284a91b2a97e00807907678853ced215,6718841b878ae68e696caa94e4ab8b00,c2b40cb4db7f022300a5b1a09d29de196f3c4db542aa29b8aa03e0b49cdc8655,bytes,AmazonS3,15.158.28.70,"['*', '10.118.96.1', '10.80.128.241', '10.96.127.161', '213.55.155.5', '10.80.128.109', '149.6.54.73', '154.54.57.46', '154.54.57.126', '154.54.61.82', '149.29.29.74', '*', '*', '*', '*', '15.158.28.70']","['*', '10.118.96.1', '10.80.128.241', '10.96.127.161', '213.55.155.5', '10.80.128.109', '149.6.54.73', '154.54.57.46', '154.54.57.126', '154.54.61.82', '149.29.29.74', '*', '*', '*', '*', '15.158.28.70']",16,Hit from cloudfront,1.1 2a8b2d3e9bd5df82402374dbf8edcd96.cloudfront.net (CloudFront),MXP64-P2,lxICeDFVUBaw1l7O2q7WZE7EvRVBsNECvancvkK5L3FBW3oFPeDloQ==,237159,https://s3-dub-2.cf.dash.row.aiv-cdn.net/dm/2$p1yx-wgXfP7uCY5TGack6KUVCck~/1eb1/cffd/ef5a/4c95-9e99-c93e0d3625f4/f4731b10-1147-4034-a5a1-d7ea0f49b2bf_video_11.mp4?amznDtid=AOAGZA014O5RE,media provided by PrimeVideo,"{'Content-Type': 'video/mp4', 'Content-Length': '686862460', 'Connection': 'keep-alive', 'Date': 'Wed, 21 Jun 2023 17:56:05 GMT', 'Last-Modified': 'Mon, 23 Sep 2019 18:21:33 GMT', 'ETag': '""a4ae93ce81c9a29704a1251810719524-132""', 'x-amz-storage-class': 'INTELLIGENT_TIERING', 'x-amz-meta-dv-checksum-sha-1': '04618ed1284a91b2a97e00807907678853ced215', 'x-amz-meta-dv-checksum-md5': '6718841b878ae68e696caa94e4ab8b00', 'x-amz-meta-dv-checksum-sha-256': 'c2b40cb4db7f022300a5b1a09d29de196f3c4db542aa29b8aa03e0b49cdc8655', 'Accept-Ranges': 'bytes', 'Server': 'AmazonS3', 'X-Cache': 'Hit from cloudfront', 'Via': '1.1 2a8b2d3e9bd5df82402374dbf8edcd96.cloudfront.net (CloudFront)', 'X-Server-IP': '15.158.28.70', 'X-Amz-Cf-Pop': 'MXP64-P2', 'X-Amz-Cf-Id': 'lxICeDFVUBaw1l7O2q7WZE7EvRVBsNECvancvkK5L3FBW3oFPeDloQ==', 'Age': '237159'}"
24-06-2023_13:49:46:762218,18.66.196.124,10.911260964348912,"['*', '10.118.96.1', '10.80.128.241', '*', '213.55.155.5', '10.80.128.109', '149.6.54.73', '154.54.57.46', '154.54.57.130', '154.54.61.90', '149.29.29.74', '52.119.155.247', '52.119.155.57', '52.119.154.158', '52.119.153.58', '52.119.153.61', '*', '*', '*', '*', '*', '*', '18.66.196.124']","['*', '10.118.96.1', '10.80.128.241', '*', '213.55.155.5', '10.80.128.109', '149.6.54.73', '154.54.57.46', '154.54.57.130', '154.54.61.90', '149.29.29.74', '52.119.155.247', '52.119.155.57', '52.119.154.158', '52.119.153.58', '52.119.153.61', '*', '*', '*', '*', '*', '*', '18.66.196.124']",23,video/mp4,686862460,keep-alive,"Wed, 21 Jun 2023 17:56:05 GMT","Mon, 23 Sep 2019 18:21:33 GMT","""a4ae93ce81c9a29704a1251810719524-132""",INTELLIGENT_TIERING, ,04618ed1284a91b2a97e00807907678853ced215,6718841b878ae68e696caa94e4ab8b00,c2b40cb4db7f022300a5b1a09d29de196f3c4db542aa29b8aa03e0b49cdc8655,bytes,AmazonS3,130.176.221.7,"['*', '10.118.96.1', '10.80.128.241', '*', '213.55.155.5', '10.80.128.109', '149.6.54.73', '154.54.57.46', '154.54.57.126', '154.54.61.82', '149.29.29.74', '52.119.155.241', '52.119.154.211', '52.119.154.158', '52.119.153.92', '52.119.153.91', '*', '*', '*', '*', '130.176.221.7']","['*', '10.118.96.1', '10.80.128.241', '*', '213.55.155.5', '10.80.128.109', '149.6.54.73', '154.54.57.46', '154.54.57.126', '154.54.61.82', '149.29.29.74', '52.119.155.241', '52.119.154.211', '52.119.154.158', '52.119.153.92', '52.119.153.91', '*', '*', '*', '*', '130.176.221.7']",21,Hit from cloudfront,1.1 f00a1e16a1b69b5fdf01447dd1592790.cloudfront.net (CloudFront),MXP63-P1,uliXeYVjk75l9hNe4bNkoJLWNDVHx0qr5jTyC22naQlfvQvtuL2LgQ==,237222,https://s3-dub-2.cf.dash.row.aiv-cdn.net/dm/2$p1yx-wgXfP7uCY5TGack6KUVCck~/1eb1/cffd/ef5a/4c95-9e99-c93e0d3625f4/f4731b10-1147-4034-a5a1-d7ea0f49b2bf_video_11.mp4?amznDtid=AOAGZA014O5RE,media provided by PrimeVideo,"{'Content-Type': 'video/mp4', 'Content-Length': '686862460', 'Connection': 'keep-alive', 'Date': 'Wed, 21 Jun 2023 17:56:05 GMT', 'Last-Modified': 'Mon, 23 Sep 2019 18:21:33 GMT', 'ETag': '""a4ae93ce81c9a29704a1251810719524-132""', 'x-amz-storage-class': 'INTELLIGENT_TIERING', 'x-amz-meta-dv-checksum-sha-1': '04618ed1284a91b2a97e00807907678853ced215', 'x-amz-meta-dv-checksum-md5': '6718841b878ae68e696caa94e4ab8b00', 'x-amz-meta-dv-checksum-sha-256': 'c2b40cb4db7f022300a5b1a09d29de196f3c4db542aa29b8aa03e0b49cdc8655', 'Accept-Ranges': 'bytes', 'Server': 'AmazonS3', 'X-Cache': 'Hit from cloudfront', 'Via': '1.1 f00a1e16a1b69b5fdf01447dd1592790.cloudfront.net (CloudFront)', 'X-Server-IP': '130.176.221.7', 'X-Amz-Cf-Pop': 'MXP63-P1', 'X-Amz-Cf-Id': 'uliXeYVjk75l9hNe4bNkoJLWNDVHx0qr5jTyC22naQlfvQvtuL2LgQ==', 'Age': '237222'}"
24-06-2023_13:50:51:727904,18.66.212.34,10.793623980134726,"['*', '*', '10.80.128.241', '*', '213.55.155.5', '10.80.128.109', '149.6.54.73', '154.54.57.46', '154.54.57.126', '154.54.61.82', '149.29.29.82', '52.119.155.235', '52.119.155.127', '52.119.154.160', '52.119.153.196', '52.119.153.195', '*', '*', '*', '*', '*', '*', '18.66.212.34']","['*', '*', '10.80.128.241', '*', '213.55.155.5', '10.80.128.109', '149.6.54.73', '154.54.57.46', '154.54.57.126', '154.54.61.82', '149.29.29.82', '52.119.155.235', '52.119.155.127', '52.119.154.160', '52.119.153.196', '52.119.153.195', '*', '*', '*', '*', '*', '*', '18.66.212.34']",23,video/mp4,686862460,keep-alive,"Wed, 21 Jun 2023 17:56:05 GMT","Mon, 23 Sep 2019 18:21:33 GMT","""a4ae93ce81c9a29704a1251810719524-132""",INTELLIGENT_TIERING, ,04618ed1284a91b2a97e00807907678853ced215,6718841b878ae68e696caa94e4ab8b00,c2b40cb4db7f022300a5b1a09d29de196f3c4db542aa29b8aa03e0b49cdc8655,bytes,AmazonS3,130.176.221.87,"['*', '10.118.96.1', '10.80.128.241', '*', '213.55.155.5', '10.80.128.109', '149.6.54.73', '154.54.57.46', '154.54.57.130', '154.54.61.90', '149.29.29.74', '52.119.155.249', '52.119.155.87', '52.119.154.154', '52.119.153.190', '52.119.153.195', '*', '*', '*', '*', '130.176.221.87']","['*', '10.118.96.1', '10.80.128.241', '*', '213.55.155.5', '10.80.128.109', '149.6.54.73', '154.54.57.46', '154.54.57.130', '154.54.61.90', '149.29.29.74', '52.119.155.249', '52.119.155.87', '52.119.154.154', '52.119.153.190', '52.119.153.195', '*', '*', '*', '*', '130.176.221.87']",21,Hit from cloudfront,1.1 892b64cb4f7d422e3a1221397ea1a546.cloudfront.net (CloudFront),MXP63-P2,7xW_HDUlc4Y2C0Bc5VVu9hqzZmbqA-NqHe7dqLRD_5qlavM0MqyNtg==,237287,https://s3-dub-2.cf.dash.row.aiv-cdn.net/dm/2$p1yx-wgXfP7uCY5TGack6KUVCck~/1eb1/cffd/ef5a/4c95-9e99-c93e0d3625f4/f4731b10-1147-4034-a5a1-d7ea0f49b2bf_video_11.mp4?amznDtid=AOAGZA014O5RE,media provided by PrimeVideo,"{'Content-Type': 'video/mp4', 'Content-Length': '686862460', 'Connection': 'keep-alive', 'Date': 'Wed, 21 Jun 2023 17:56:05 GMT', 'Last-Modified': 'Mon, 23 Sep 2019 18:21:33 GMT', 'ETag': '""a4ae93ce81c9a29704a1251810719524-132""', 'x-amz-storage-class': 'INTELLIGENT_TIERING', 'x-amz-meta-dv-checksum-sha-1': '04618ed1284a91b2a97e00807907678853ced215', 'x-amz-meta-dv-checksum-md5': '6718841b878ae68e696caa94e4ab8b00', 'x-amz-meta-dv-checksum-sha-256': 'c2b40cb4db7f022300a5b1a09d29de196f3c4db542aa29b8aa03e0b49cdc8655', 'Accept-Ranges': 'bytes', 'Server': 'AmazonS3', 'X-Cache': 'Hit from cloudfront', 'Via': '1.1 892b64cb4f7d422e3a1221397ea1a546.cloudfront.net (CloudFront)', 'X-Server-IP': '130.176.221.87', 'X-Amz-Cf-Pop': 'MXP63-P2', 'X-Amz-Cf-Id': '7xW_HDUlc4Y2C0Bc5VVu9hqzZmbqA-NqHe7dqLRD_5qlavM0MqyNtg==', 'Age': '237287'}"
24-06-2023_13:51:54:487207,18.161.111.71,10.33727906178683,"['*', '*', '10.80.128.241', '*', '213.55.155.5', '10.80.128.109', '149.6.54.73', '154.54.57.33', '154.54.61.73', '*', '*', '*', '*', '*', '*', '18.161.111.71']","['*', '*', '10.80.128.241', '*', '213.55.155.5', '10.80.128.109', '149.6.54.73', '154.54.57.33', '154.54.61.73', '*', '*', '*', '*', '*', '*', '18.161.111.71']",16,video/mp4,686862460,keep-alive,"Wed, 21 Jun 2023 17:56:05 GMT","Mon, 23 Sep 2019 18:21:33 GMT","""a4ae93ce81c9a29704a1251810719524-132""",INTELLIGENT_TIERING, ,04618ed1284a91b2a97e00807907678853ced215,6718841b878ae68e696caa94e4ab8b00,c2b40cb4db7f022300a5b1a09d29de196f3c4db542aa29b8aa03e0b49cdc8655,bytes,AmazonS3,130.176.183.228,"['*', '10.118.96.1', '10.80.128.241', '*', '213.55.155.5', '10.80.128.109', '149.6.54.73', '154.54.57.33', '154.54.61.73', '*', '*', '*', '*', '130.176.183.228']","['*', '10.118.96.1', '10.80.128.241', '*', '213.55.155.5', '10.80.128.109', '149.6.54.73', '154.54.57.33', '154.54.61.73', '*', '*', '*', '*', '130.176.183.228']",14,Hit from cloudfront,1.1 cd436c4b56d76ad1cb04b447a4cd9cfe.cloudfront.net (CloudFront),MRS52-P4,mbKzKFvEj6zpMNFx4DvXs-07WCS7JjEHxrTH_nqJG508naRW2lI6Lg==,237350,https://s3-dub-2.cf.dash.row.aiv-cdn.net/dm/2$p1yx-wgXfP7uCY5TGack6KUVCck~/1eb1/cffd/ef5a/4c95-9e99-c93e0d3625f4/f4731b10-1147-4034-a5a1-d7ea0f49b2bf_video_11.mp4?amznDtid=AOAGZA014O5RE,media provided by PrimeVideo,"{'Content-Type': 'video/mp4', 'Content-Length': '686862460', 'Connection': 'keep-alive', 'Date': 'Wed, 21 Jun 2023 17:56:05 GMT', 'Last-Modified': 'Mon, 23 Sep 2019 18:21:33 GMT', 'ETag': '""a4ae93ce81c9a29704a1251810719524-132""', 'x-amz-storage-class': 'INTELLIGENT_TIERING', 'x-amz-meta-dv-checksum-sha-1': '04618ed1284a91b2a97e00807907678853ced215', 'x-amz-meta-dv-checksum-md5': '6718841b878ae68e696caa94e4ab8b00', 'x-amz-meta-dv-checksum-sha-256': 'c2b40cb4db7f022300a5b1a09d29de196f3c4db542aa29b8aa03e0b49cdc8655', 'Accept-Ranges': 'bytes', 'Server': 'AmazonS3', 'X-Cache': 'Hit from cloudfront', 'Via': '1.1 cd436c4b56d76ad1cb04b447a4cd9cfe.cloudfront.net (CloudFront)', 'X-Server-IP': '130.176.183.228', 'X-Amz-Cf-Pop': 'MRS52-P4', 'X-Amz-Cf-Id': 'mbKzKFvEj6zpMNFx4DvXs-07WCS7JjEHxrTH_nqJG508naRW2lI6Lg==', 'Age': '237350'}"
24-06-2023_13:52:57:975902,18.161.94.90,10.481113917194307,"['*', '*', '10.80.128.241', '*', '213.55.155.5', '10.80.128.109', '149.6.54.73', '154.54.57.33', '154.54.61.73', '*', '*', '*', '*', '*', '*', '18.161.94.90']","['*', '*', '10.80.128.241', '*', '213.55.155.5', '10.80.128.109', '149.6.54.73', '154.54.57.33', '154.54.61.73', '*', '*', '*', '*', '*', '*', '18.161.94.90']",16,video/mp4,686862460,keep-alive,"Wed, 21 Jun 2023 17:56:05 GMT","Mon, 23 Sep 2019 18:21:33 GMT","""a4ae93ce81c9a29704a1251810719524-132""",INTELLIGENT_TIERING, ,04618ed1284a91b2a97e00807907678853ced215,6718841b878ae68e696caa94e4ab8b00,c2b40cb4db7f022300a5b1a09d29de196f3c4db542aa29b8aa03e0b49cdc8655,bytes,AmazonS3,130.176.183.170,"['*', '10.118.96.1', '10.80.128.241', '*', '213.55.155.5', '10.80.128.109', '149.6.54.73', '154.54.57.33', '154.54.61.97', '*', '*', '*', '*', '130.176.183.170']","['*', '10.118.96.1', '10.80.128.241', '*', '213.55.155.5', '10.80.128.109', '149.6.54.73', '154.54.57.33', '154.54.61.97', '*', '*', '*', '*', '130.176.183.170']",14,Hit from cloudfront,1.1 3b4be9f7cd333273a9f136c30c72d1f8.cloudfront.net (CloudFront),MRS52-P3,3VAaFhDv91oaRV_aHbj93xqQM9p8dJpig3PvxpGZrgNA8VMfGk43cQ==,237412,https://s3-dub-2.cf.dash.row.aiv-cdn.net/dm/2$p1yx-wgXfP7uCY5TGack6KUVCck~/1eb1/cffd/ef5a/4c95-9e99-c93e0d3625f4/f4731b10-1147-4034-a5a1-d7ea0f49b2bf_video_11.mp4?amznDtid=AOAGZA014O5RE,media provided by PrimeVideo,"{'Content-Type': 'video/mp4', 'Content-Length': '686862460', 'Connection': 'keep-alive', 'Date': 'Wed, 21 Jun 2023 17:56:05 GMT', 'Last-Modified': 'Mon, 23 Sep 2019 18:21:33 GMT', 'ETag': '""a4ae93ce81c9a29704a1251810719524-132""', 'x-amz-storage-class': 'INTELLIGENT_TIERING', 'x-amz-meta-dv-checksum-sha-1': '04618ed1284a91b2a97e00807907678853ced215', 'x-amz-meta-dv-checksum-md5': '6718841b878ae68e696caa94e4ab8b00', 'x-amz-meta-dv-checksum-sha-256': 'c2b40cb4db7f022300a5b1a09d29de196f3c4db542aa29b8aa03e0b49cdc8655', 'Accept-Ranges': 'bytes', 'Server': 'AmazonS3', 'X-Cache': 'Hit from cloudfront', 'Via': '1.1 3b4be9f7cd333273a9f136c30c72d1f8.cloudfront.net (CloudFront)', 'X-Server-IP': '130.176.183.170', 'X-Amz-Cf-Pop': 'MRS52-P3', 'X-Amz-Cf-Id': '3VAaFhDv91oaRV_aHbj93xqQM9p8dJpig3PvxpGZrgNA8VMfGk43cQ==', 'Age': '237412'}"
24-06-2023_13:54:02:212795,18.66.26.26,18.104459042660892,"['*', '*', '10.80.128.241', '*', '213.55.155.5', '10.80.128.109', '149.6.54.73', '154.54.57.46', '154.54.57.130', '130.117.0.62', '154.54.59.181', '149.6.174.154', '*', '*', '*', '*', '*', '*', '18.66.26.26']","['*', '*', '10.80.128.241', '*', '213.55.155.5', '10.80.128.109', '149.6.54.73', '154.54.57.46', '154.54.57.130', '130.117.0.62', '154.54.59.181', '149.6.174.154', '*', '*', '*', '*', '*', '*', '18.66.26.26']",19,video/mp4,686862460,keep-alive,"Wed, 21 Jun 2023 17:56:05 GMT","Mon, 23 Sep 2019 18:21:33 GMT","""a4ae93ce81c9a29704a1251810719524-132""",INTELLIGENT_TIERING, ,04618ed1284a91b2a97e00807907678853ced215,6718841b878ae68e696caa94e4ab8b00,c2b40cb4db7f022300a5b1a09d29de196f3c4db542aa29b8aa03e0b49cdc8655,bytes,AmazonS3,130.176.219.15,"['*', '10.118.96.1', '10.80.128.241', '*', '213.55.155.5', '10.80.128.109', '149.6.54.73', '154.54.57.46', '154.54.57.130', '130.117.0.62', '154.54.59.181', '149.6.174.154', '*', '*', '*', '*', '130.176.219.15']","['*', '10.118.96.1', '10.80.128.241', '*', '213.55.155.5', '10.80.128.109', '149.6.54.73', '154.54.57.46', '154.54.57.130', '130.117.0.62', '154.54.59.181', '149.6.174.154', '*', '*', '*', '*', '130.176.219.15']",17,Hit from cloudfront,1.1 c172ad3d6658cab7ff64a4a64dca4822.cloudfront.net (CloudFront),VIE50-P1,SfuA14Ww-VcbGdt7ZgD2beq-HbTq6RvNg7ad5rZrsNkVE5zm9PhC8g==,237478,https://s3-dub-2.cf.dash.row.aiv-cdn.net/dm/2$p1yx-wgXfP7uCY5TGack6KUVCck~/1eb1/cffd/ef5a/4c95-9e99-c93e0d3625f4/f4731b10-1147-4034-a5a1-d7ea0f49b2bf_video_11.mp4?amznDtid=AOAGZA014O5RE,media provided by PrimeVideo,"{'Content-Type': 'video/mp4', 'Content-Length': '686862460', 'Connection': 'keep-alive', 'Date': 'Wed, 21 Jun 2023 17:56:05 GMT', 'Last-Modified': 'Mon, 23 Sep 2019 18:21:33 GMT', 'ETag': '""a4ae93ce81c9a29704a1251810719524-132""', 'x-amz-storage-class': 'INTELLIGENT_TIERING', 'x-amz-meta-dv-checksum-sha-1': '04618ed1284a91b2a97e00807907678853ced215', 'x-amz-meta-dv-checksum-md5': '6718841b878ae68e696caa94e4ab8b00', 'x-amz-meta-dv-checksum-sha-256': 'c2b40cb4db7f022300a5b1a09d29de196f3c4db542aa29b8aa03e0b49cdc8655', 'Accept-Ranges': 'bytes', 'Server': 'AmazonS3', 'X-Cache': 'Hit from cloudfront', 'Via': '1.1 c172ad3d6658cab7ff64a4a64dca4822.cloudfront.net (CloudFront)', 'X-Server-IP': '130.176.219.15', 'X-Amz-Cf-Pop': 'VIE50-P1', 'X-Amz-Cf-Id': 'SfuA14Ww-VcbGdt7ZgD2beq-HbTq6RvNg7ad5rZrsNkVE5zm9PhC8g==', 'Age': '237478'}"
24-06-2023_13:55:09:281697,3.160.212.5,11.233250959776342,"['*', '*', '10.80.128.241', '*', '213.55.155.5', '10.80.128.109', '149.6.54.73', '154.54.57.46', '154.54.57.130', '154.54.61.90', '149.29.29.74', '*', '*', '*', '*', '*', '*', '*', '3.160.212.5']","['*', '*', '10.80.128.241', '*', '213.55.155.5', '10.80.128.109', '149.6.54.73', '154.54.57.46', '154.54.57.130', '154.54.61.90', '149.29.29.74', '*', '*', '*', '*', '*', '*', '*', '3.160.212.5']",19,video/mp4,686862460,keep-alive,"Wed, 21 Jun 2023 17:56:05 GMT","Mon, 23 Sep 2019 18:21:33 GMT","""a4ae93ce81c9a29704a1251810719524-132""",INTELLIGENT_TIERING, ,04618ed1284a91b2a97e00807907678853ced215,6718841b878ae68e696caa94e4ab8b00,c2b40cb4db7f022300a5b1a09d29de196f3c4db542aa29b8aa03e0b49cdc8655,bytes,AmazonS3,18.68.25.178,"['192.168.1.1', '10.118.96.1', '10.80.128.241', '10.96.127.161', '213.55.155.5', '10.80.128.109', '149.6.54.73', '154.54.57.46', '154.54.57.130', '154.54.61.90', '149.29.29.74', '*', '*', '*', '*', '*', '18.68.25.178']","['192.168.1.1', '10.118.96.1', '10.80.128.241', '10.96.127.161', '213.55.155.5', '10.80.128.109', '149.6.54.73', '154.54.57.46', '154.54.57.130', '154.54.61.90', '149.29.29.74', '*', '*', '*', '*', '*', '18.68.25.178']",17,Hit from cloudfront,1.1 0eff2818c4b79b630461542cc0251178.cloudfront.net (CloudFront),MXP53-P3,4ZpCP0_0clVhUtrdoMDWdKhoqU9JDTN50b93ILP-6qXwlO-MMujQPA==,237545,https://s3-dub-2.cf.dash.row.aiv-cdn.net/dm/2$p1yx-wgXfP7uCY5TGack6KUVCck~/1eb1/cffd/ef5a/4c95-9e99-c93e0d3625f4/f4731b10-1147-4034-a5a1-d7ea0f49b2bf_video_11.mp4?amznDtid=AOAGZA014O5RE,media provided by PrimeVideo,"{'Content-Type': 'video/mp4', 'Content-Length': '686862460', 'Connection': 'keep-alive', 'Date': 'Wed, 21 Jun 2023 17:56:05 GMT', 'Last-Modified': 'Mon, 23 Sep 2019 18:21:33 GMT', 'ETag': '""a4ae93ce81c9a29704a1251810719524-132""', 'x-amz-storage-class': 'INTELLIGENT_TIERING', 'x-amz-meta-dv-checksum-sha-1': '04618ed1284a91b2a97e00807907678853ced215', 'x-amz-meta-dv-checksum-md5': '6718841b878ae68e696caa94e4ab8b00', 'x-amz-meta-dv-checksum-sha-256': 'c2b40cb4db7f022300a5b1a09d29de196f3c4db542aa29b8aa03e0b49cdc8655', 'Accept-Ranges': 'bytes', 'Server': 'AmazonS3', 'X-Cache': 'Hit from cloudfront', 'Via': '1.1 0eff2818c4b79b630461542cc0251178.cloudfront.net (CloudFront)', 'X-Server-IP': '18.68.25.178', 'X-Amz-Cf-Pop': 'MXP53-P3', 'X-Amz-Cf-Id': '4ZpCP0_0clVhUtrdoMDWdKhoqU9JDTN50b93ILP-6qXwlO-MMujQPA==', 'Age': '237545'}"
24-06-2023_13:56:18:326945,99.86.159.35,10.924485046416521,"['*', '*', '10.80.128.241', '*', '213.55.155.5', '10.80.128.109', '149.6.54.73', '154.54.57.46', '154.54.57.130', '154.54.61.90', '149.29.29.74', '52.119.155.255', '52.119.152.205', '*', '*', '*', '*', '*', '99.86.159.35']","['*', '*', '10.80.128.241', '*', '213.55.155.5', '10.80.128.109', '149.6.54.73', '154.54.57.46', '154.54.57.130', '154.54.61.90', '149.29.29.74', '52.119.155.255', '52.119.152.205', '*', '*', '*', '*', '*', '99.86.159.35']",19,video/mp4,686862460,keep-alive,"Wed, 21 Jun 2023 17:56:05 GMT","Mon, 23 Sep 2019 18:21:33 GMT","""a4ae93ce81c9a29704a1251810719524-132""",INTELLIGENT_TIERING, ,04618ed1284a91b2a97e00807907678853ced215,6718841b878ae68e696caa94e4ab8b00,c2b40cb4db7f022300a5b1a09d29de196f3c4db542aa29b8aa03e0b49cdc8655,bytes,AmazonS3,64.252.144.91,"['*', '10.118.96.1', '10.80.128.241', '*', '213.55.155.5', '*', '99.82.180.94', '52.93.42.223', '52.93.42.81', '*', '52.119.155.192', '52.119.152.205', '*', '*', '*', '*', '*', '64.252.144.91']","['*', '10.118.96.1', '10.80.128.241', '*', '213.55.155.5', '*', '99.82.180.94', '52.93.42.223', '52.93.42.81', '*', '52.119.155.192', '52.119.152.205', '*', '*', '*', '*', '*', '64.252.144.91']",18,Hit from cloudfront,1.1 aa89236c3ef628703c4b8322e4ce6d96.cloudfront.net (CloudFront),MXP64-C2,syQAEbbJ-ks4PKjN8t-0RCuaJ5Ks9vmCVIDmm_zFSbkdEY0BWb3eHA==,237614,https://s3-dub-2.cf.dash.row.aiv-cdn.net/dm/2$p1yx-wgXfP7uCY5TGack6KUVCck~/1eb1/cffd/ef5a/4c95-9e99-c93e0d3625f4/f4731b10-1147-4034-a5a1-d7ea0f49b2bf_video_11.mp4?amznDtid=AOAGZA014O5RE,media provided by PrimeVideo,"{'Content-Type': 'video/mp4', 'Content-Length': '686862460', 'Connection': 'keep-alive', 'Date': 'Wed, 21 Jun 2023 17:56:05 GMT', 'Last-Modified': 'Mon, 23 Sep 2019 18:21:33 GMT', 'ETag': '""a4ae93ce81c9a29704a1251810719524-132""', 'x-amz-storage-class': 'INTELLIGENT_TIERING', 'x-amz-meta-dv-checksum-sha-1': '04618ed1284a91b2a97e00807907678853ced215', 'x-amz-meta-dv-checksum-md5': '6718841b878ae68e696caa94e4ab8b00', 'x-amz-meta-dv-checksum-sha-256': 'c2b40cb4db7f022300a5b1a09d29de196f3c4db542aa29b8aa03e0b49cdc8655', 'Accept-Ranges': 'bytes', 'Server': 'AmazonS3', 'X-Cache': 'Hit from cloudfront', 'Via': '1.1 aa89236c3ef628703c4b8322e4ce6d96.cloudfront.net (CloudFront)', 'X-Server-IP': '64.252.144.91', 'X-Amz-Cf-Pop': 'MXP64-C2', 'X-Amz-Cf-Id': 'syQAEbbJ-ks4PKjN8t-0RCuaJ5Ks9vmCVIDmm_zFSbkdEY0BWb3eHA==', 'Age': '237614'}"
24-06-2023_13:57:24:971625,13.224.103.115,4.531761980615556,"['*', '*', '10.80.128.241', '*', '213.55.155.5', '*', '99.82.180.94', '52.93.42.231', '52.93.242.63', '*', '*', '*', '*', '*', '13.224.103.115']","['*', '*', '10.80.128.241', '*', '213.55.155.5', '*', '99.82.180.94', '52.93.42.231', '52.93.242.63', '*', '*', '*', '*', '*', '13.224.103.115']",15,video/mp4,686862460,keep-alive,"Wed, 21 Jun 2023 17:56:05 GMT","Mon, 23 Sep 2019 18:21:33 GMT","""a4ae93ce81c9a29704a1251810719524-132""",INTELLIGENT_TIERING, ,04618ed1284a91b2a97e00807907678853ced215,6718841b878ae68e696caa94e4ab8b00,c2b40cb4db7f022300a5b1a09d29de196f3c4db542aa29b8aa03e0b49cdc8655,bytes,AmazonS3,64.252.134.68,"['*', '10.118.96.1', '10.80.128.241', '*', '213.55.155.5', '*', '99.82.180.94', '52.93.42.231', '52.93.242.63', '*', '*', '*', '*', '*', '64.252.134.68']","['*', '10.118.96.1', '10.80.128.241', '*', '213.55.155.5', '*', '99.82.180.94', '52.93.42.231', '52.93.242.63', '*', '*', '*', '*', '*', '64.252.134.68']",15,Hit from cloudfront,1.1 e6b325a976b10aa826ec63757afbdeda.cloudfront.net (CloudFront),ZRH50-C1,omwVW9CL2CZ5uho9RmhvC0d-1KpPJ4cLRjBY-fnZJtu-FPlr8Y0UZg==,237681,https://s3-dub-2.cf.dash.row.aiv-cdn.net/dm/2$p1yx-wgXfP7uCY5TGack6KUVCck~/1eb1/cffd/ef5a/4c95-9e99-c93e0d3625f4/f4731b10-1147-4034-a5a1-d7ea0f49b2bf_video_11.mp4?amznDtid=AOAGZA014O5RE,media provided by PrimeVideo,"{'Content-Type': 'video/mp4', 'Content-Length': '686862460', 'Connection': 'keep-alive', 'Date': 'Wed, 21 Jun 2023 17:56:05 GMT', 'Last-Modified': 'Mon, 23 Sep 2019 18:21:33 GMT', 'ETag': '""a4ae93ce81c9a29704a1251810719524-132""', 'x-amz-storage-class': 'INTELLIGENT_TIERING', 'x-amz-meta-dv-checksum-sha-1': '04618ed1284a91b2a97e00807907678853ced215', 'x-amz-meta-dv-checksum-md5': '6718841b878ae68e696caa94e4ab8b00', 'x-amz-meta-dv-checksum-sha-256': 'c2b40cb4db7f022300a5b1a09d29de196f3c4db542aa29b8aa03e0b49cdc8655', 'Accept-Ranges': 'bytes', 'Server': 'AmazonS3', 'X-Cache': 'Hit from cloudfront', 'Via': '1.1 e6b325a976b10aa826ec63757afbdeda.cloudfront.net (CloudFront)', 'X-Server-IP': '64.252.134.68', 'X-Amz-Cf-Pop': 'ZRH50-C1', 'X-Amz-Cf-Id': 'omwVW9CL2CZ5uho9RmhvC0d-1KpPJ4cLRjBY-fnZJtu-FPlr8Y0UZg==', 'Age': '237681'}"
